-- phpMyAdmin SQL Dump
-- version 5.1.3
-- https://www.phpmyadmin.net/
--
-- Servidor: localhost:3306
-- Tiempo de generación: 29-03-2022 a las 03:20:30
-- Versión del servidor: 5.7.33
-- Versión de PHP: 8.0.16

SET SQL_MODE = "NO_AUTO_VALUE_ON_ZERO";
START TRANSACTION;
SET time_zone = "+00:00";


/*!40101 SET @OLD_CHARACTER_SET_CLIENT=@@CHARACTER_SET_CLIENT */;
/*!40101 SET @OLD_CHARACTER_SET_RESULTS=@@CHARACTER_SET_RESULTS */;
/*!40101 SET @OLD_COLLATION_CONNECTION=@@COLLATION_CONNECTION */;
/*!40101 SET NAMES utf8mb4 */;

--
-- Base de datos: `profac_app`
--

-- --------------------------------------------------------

--
-- Estructura de tabla para la tabla `bodega`
--

CREATE TABLE `bodega` (
  `id` int(11) NOT NULL,
  `nombre` varchar(45) NOT NULL,
  `direccion` varchar(500) NOT NULL,
  `created_at` timestamp NOT NULL,
  `updated_at` timestamp NULL DEFAULT NULL,
  `encargado_bodega` bigint(20) UNSIGNED NOT NULL,
  `estado_id` int(11) NOT NULL
) ENGINE=InnoDB DEFAULT CHARSET=latin1;

--
-- Volcado de datos para la tabla `bodega`
--

INSERT INTO `bodega` (`id`, `nombre`, `direccion`, `created_at`, `updated_at`, `encargado_bodega`, `estado_id`) VALUES
(3, 'Bodega 1', 'Tegucigalpa', '2022-03-19 05:57:19', '2022-03-23 06:39:01', 3, 1);

-- --------------------------------------------------------

--
-- Estructura de tabla para la tabla `categoria`
--

CREATE TABLE `categoria` (
  `id` int(11) NOT NULL,
  `nombre` varchar(45) NOT NULL,
  `created_at` timestamp NOT NULL,
  `updated_at` timestamp NULL DEFAULT NULL
) ENGINE=InnoDB DEFAULT CHARSET=latin1;

--
-- Volcado de datos para la tabla `categoria`
--

INSERT INTO `categoria` (`id`, `nombre`, `created_at`, `updated_at`) VALUES
(1, 'Mayorista Nacional ', '2022-03-15 00:53:07', '2022-03-15 00:53:07'),
(2, 'Mayorista Inscrito                 ', '2022-03-15 00:53:07', '2022-03-15 00:53:07'),
(3, 'Exportador', '2022-03-15 00:53:21', '2022-03-15 00:53:21');

-- --------------------------------------------------------

--
-- Estructura de tabla para la tabla `categoria_producto`
--

CREATE TABLE `categoria_producto` (
  `id` int(11) NOT NULL,
  `descripcion` varchar(45) NOT NULL,
  `created_at` timestamp NOT NULL,
  `updated_at` timestamp NULL DEFAULT NULL
) ENGINE=InnoDB DEFAULT CHARSET=latin1;

--
-- Volcado de datos para la tabla `categoria_producto`
--

INSERT INTO `categoria_producto` (`id`, `descripcion`, `created_at`, `updated_at`) VALUES
(1, 'Oficina', '2022-03-24 01:06:03', NULL),
(2, 'Hogar', '2022-03-24 01:06:03', NULL);

-- --------------------------------------------------------

--
-- Estructura de tabla para la tabla `compra`
--

CREATE TABLE `compra` (
  `id` int(11) NOT NULL,
  `fecha_vencimiento` date NOT NULL,
  `isv_compra` double NOT NULL,
  `sub_total` double NOT NULL,
  `total` double NOT NULL,
  `debito` double NOT NULL,
  `proveedores_id` int(11) NOT NULL,
  `users_id` bigint(20) UNSIGNED NOT NULL,
  `tipo_compra_id` int(11) NOT NULL,
  `created_at` timestamp NOT NULL,
  `updated_at` timestamp NULL DEFAULT NULL
) ENGINE=InnoDB DEFAULT CHARSET=latin1;

--
-- Volcado de datos para la tabla `compra`
--

INSERT INTO `compra` (`id`, `fecha_vencimiento`, `isv_compra`, `sub_total`, `total`, `debito`, `proveedores_id`, `users_id`, `tipo_compra_id`, `created_at`, `updated_at`) VALUES
(1, '2022-04-30', 2250, 12750, 15000, 15000, 1, 3, 1, '2022-03-27 20:06:48', '2022-03-27 20:04:35'),
(2, '2022-03-28', 3000, 17000, 20000, 0, 4, 3, 2, '2022-03-27 20:27:55', '2022-03-27 20:16:58');

-- --------------------------------------------------------

--
-- Estructura de tabla para la tabla `compra_has_producto`
--

CREATE TABLE `compra_has_producto` (
  `compra_id` int(11) NOT NULL,
  `producto_id` int(11) NOT NULL,
  `precio_unidad_compra` double NOT NULL,
  `cantidad_ingresada` int(11) NOT NULL,
  `cantidad_disponible` int(11) NOT NULL,
  `seccion_id` int(11) NOT NULL,
  `created_at` timestamp NOT NULL,
  `updated_at` timestamp NULL DEFAULT NULL
) ENGINE=InnoDB DEFAULT CHARSET=latin1;

--
-- Volcado de datos para la tabla `compra_has_producto`
--

INSERT INTO `compra_has_producto` (`compra_id`, `producto_id`, `precio_unidad_compra`, `cantidad_ingresada`, `cantidad_disponible`, `seccion_id`, `created_at`, `updated_at`) VALUES
(1, 1, 125, 102, 102, 1, '2022-03-27 20:09:07', '2022-03-27 20:07:14'),
(2, 1, 100, 170, 170, 2, '2022-03-27 20:24:44', '2022-03-28 20:21:41');

-- --------------------------------------------------------

--
-- Estructura de tabla para la tabla `departamento`
--

CREATE TABLE `departamento` (
  `id` int(11) NOT NULL,
  `nombre` varchar(45) NOT NULL,
  `created_at` timestamp NOT NULL,
  `updated_at` timestamp NULL DEFAULT NULL,
  `pais_id` int(11) NOT NULL DEFAULT '1'
) ENGINE=InnoDB DEFAULT CHARSET=latin1;

--
-- Volcado de datos para la tabla `departamento`
--

INSERT INTO `departamento` (`id`, `nombre`, `created_at`, `updated_at`, `pais_id`) VALUES
(1, 'ATLÁNTIDA', '2021-01-11 10:56:47', NULL, 1),
(2, 'COLÓN', '2021-01-11 10:56:55', NULL, 1),
(3, 'COMAYAGUA', '2021-01-11 09:57:53', NULL, 1),
(4, 'COPÁN', '2021-01-11 10:57:06', NULL, 1),
(5, 'CORTÉS', '2021-01-11 10:57:16', NULL, 1),
(6, 'CHOLUTECA', '2021-01-11 09:57:53', NULL, 1),
(7, 'EL PARAÍSO', '2021-01-11 10:57:34', NULL, 1),
(8, 'FRANCISCO MORAZÁN', '2021-01-11 10:57:47', NULL, 1),
(9, 'GRACIAS A DIOS', '2021-01-11 09:57:53', NULL, 1),
(10, 'INTIBUCÁ', '2021-01-11 10:58:01', NULL, 1),
(11, 'ISLAS DE LA BAHÍA', '2021-01-11 10:58:17', NULL, 1),
(12, 'LA PAZ', '2021-01-11 09:57:53', NULL, 1),
(13, 'LEMPIRA', '2021-01-11 09:57:53', NULL, 1),
(14, 'OCOTEPEQUE', '2021-01-11 09:57:53', NULL, 1),
(15, 'OLANCHO', '2021-01-11 09:57:53', NULL, 1),
(16, 'SANTA BÁRBARA', '2021-01-11 10:58:41', NULL, 1),
(17, 'VALLE', '2021-01-11 09:57:53', NULL, 1),
(18, 'YORO', '2021-01-11 09:57:53', NULL, 1);

-- --------------------------------------------------------

--
-- Estructura de tabla para la tabla `estado`
--

CREATE TABLE `estado` (
  `id` int(11) NOT NULL,
  `descripcion` varchar(45) NOT NULL,
  `created_at` timestamp NOT NULL,
  `updated_at` timestamp NULL DEFAULT NULL
) ENGINE=InnoDB DEFAULT CHARSET=latin1;

--
-- Volcado de datos para la tabla `estado`
--

INSERT INTO `estado` (`id`, `descripcion`, `created_at`, `updated_at`) VALUES
(1, 'activo', '2022-03-10 23:55:11', '2022-03-10 23:54:42'),
(2, 'inactivo', '2022-03-10 23:55:11', '2022-03-10 23:54:42');

-- --------------------------------------------------------

--
-- Estructura de tabla para la tabla `failed_jobs`
--

CREATE TABLE `failed_jobs` (
  `id` bigint(20) UNSIGNED NOT NULL,
  `uuid` varchar(255) COLLATE utf8mb4_unicode_ci NOT NULL,
  `connection` text COLLATE utf8mb4_unicode_ci NOT NULL,
  `queue` text COLLATE utf8mb4_unicode_ci NOT NULL,
  `payload` longtext COLLATE utf8mb4_unicode_ci NOT NULL,
  `exception` longtext COLLATE utf8mb4_unicode_ci NOT NULL,
  `failed_at` timestamp NOT NULL DEFAULT CURRENT_TIMESTAMP
) ENGINE=InnoDB DEFAULT CHARSET=utf8mb4 COLLATE=utf8mb4_unicode_ci;

-- --------------------------------------------------------

--
-- Estructura de tabla para la tabla `img_producto`
--

CREATE TABLE `img_producto` (
  `id` int(11) NOT NULL,
  `url_img` varchar(250) NOT NULL,
  `created_at` timestamp NOT NULL,
  `updated_at` timestamp NULL DEFAULT NULL,
  `producto_id` int(11) NOT NULL,
  `users_id` bigint(20) UNSIGNED NOT NULL
) ENGINE=InnoDB DEFAULT CHARSET=latin1;

--
-- Volcado de datos para la tabla `img_producto`
--

INSERT INTO `img_producto` (`id`, `url_img`, `created_at`, `updated_at`, `producto_id`, `users_id`) VALUES
(1, 'IMG_1648162024.PNG', '2022-03-25 04:47:04', '2022-03-25 04:47:04', 5, 3);

-- --------------------------------------------------------

--
-- Estructura de tabla para la tabla `migrations`
--

CREATE TABLE `migrations` (
  `id` int(10) UNSIGNED NOT NULL,
  `migration` varchar(255) COLLATE utf8mb4_unicode_ci NOT NULL,
  `batch` int(11) NOT NULL
) ENGINE=InnoDB DEFAULT CHARSET=utf8mb4 COLLATE=utf8mb4_unicode_ci;

-- --------------------------------------------------------

--
-- Estructura de tabla para la tabla `municipio`
--

CREATE TABLE `municipio` (
  `id` int(11) NOT NULL,
  `nombre` varchar(45) NOT NULL,
  `created_at` timestamp NOT NULL,
  `updated_at` timestamp NULL DEFAULT NULL,
  `departamento_id` int(11) NOT NULL
) ENGINE=InnoDB DEFAULT CHARSET=latin1;

--
-- Volcado de datos para la tabla `municipio`
--

INSERT INTO `municipio` (`id`, `nombre`, `created_at`, `updated_at`, `departamento_id`) VALUES
(1, 'La Ceiba', '2021-01-11 10:08:15', NULL, 1),
(2, 'Tela', '2021-01-11 10:08:15', NULL, 1),
(3, 'Jutiapa', '2021-01-11 10:08:15', NULL, 1),
(4, 'La Masica', '2021-01-11 10:08:16', NULL, 1),
(5, 'San Francisco', '2021-01-11 10:08:16', NULL, 1),
(6, 'Arizona', '2021-01-11 10:08:16', NULL, 1),
(7, 'Esparta', '2021-01-11 10:08:16', NULL, 1),
(8, 'El Porvenir', '2021-01-11 10:08:16', NULL, 1),
(9, 'TRUJILLO', '2021-01-11 10:12:40', NULL, 2),
(10, 'BALFATE', '2021-01-11 10:12:40', NULL, 2),
(11, 'IRIONA', '2021-01-11 10:12:40', NULL, 2),
(12, 'LIMÓN', '2021-01-11 10:31:02', NULL, 2),
(13, 'SABÁ', '2021-01-11 10:31:36', NULL, 2),
(14, 'SANTA FE', '2021-01-11 10:12:40', NULL, 2),
(15, 'SANTA ROSA DE AGUÁN', '2021-01-11 10:12:40', NULL, 2),
(16, 'SONAGUERA', '2021-01-11 10:12:40', NULL, 2),
(17, 'TOCOA', '2021-01-11 10:12:41', NULL, 2),
(18, 'BONITO ORIENTAL', '2021-01-11 10:12:41', NULL, 2),
(19, 'COMAYAGUA', '2021-01-11 10:21:27', NULL, 3),
(20, 'AJUTERIQUE', '2021-01-11 10:21:27', NULL, 3),
(21, 'EL ROSARIO', '2021-01-11 10:21:27', NULL, 3),
(22, 'ESQUÍAS', '2021-01-11 10:21:27', NULL, 3),
(23, 'HUMUYA', '2021-01-11 10:21:27', NULL, 3),
(24, 'LA LIBERTAD', '2021-01-11 10:21:27', NULL, 3),
(25, 'LAMANÍ', '2021-01-11 10:21:27', NULL, 3),
(26, 'LA TRINIDAD', '2021-01-11 10:21:27', NULL, 3),
(27, 'LEJAMANI', '2021-01-11 10:21:27', NULL, 3),
(28, 'MEAMBAR', '2021-01-11 10:21:27', NULL, 3),
(29, 'MINAS DE ORO', '2021-01-11 10:21:27', NULL, 3),
(30, 'OJOS DE AGUA', '2021-01-11 10:21:27', NULL, 3),
(31, 'SAN JERÓNIMO (HONDURAS)', '2021-01-11 10:21:27', NULL, 3),
(32, 'SAN JOSÉ DE COMAYAGUA', '2021-01-11 10:21:27', NULL, 3),
(33, 'SAN JOSÉ DEL POTRERO', '2021-01-11 10:21:27', NULL, 3),
(34, 'SAN LUIS', '2021-01-11 10:21:27', NULL, 3),
(35, 'SAN SEBASTIÁN', '2021-01-11 10:21:27', NULL, 3),
(36, 'SIGUATEPEQUE', '2021-01-11 10:21:27', NULL, 3),
(37, 'VILLA DE SAN ANTONIO', '2021-01-11 10:21:27', NULL, 3),
(38, 'LAS LAJAS', '2021-01-11 10:21:27', NULL, 3),
(39, 'TAULABÉ', '2021-01-11 10:21:27', NULL, 3),
(40, 'SANTA ROSA DE COPÁN', '2021-01-11 10:24:20', NULL, 4),
(41, 'CABAÑAS', '2021-01-11 10:24:20', NULL, 4),
(42, 'CONCEPCIÓN', '2021-01-11 10:24:20', NULL, 4),
(43, 'COPÁN RUINAS', '2021-01-11 10:24:20', NULL, 4),
(44, 'CORQUÍN', '2021-01-11 10:24:20', NULL, 4),
(45, 'CUCUYAGUA', '2021-01-11 10:24:20', NULL, 4),
(46, 'DOLORES', '2021-01-11 10:24:21', NULL, 4),
(47, 'DULCE NOMBRE', '2021-01-11 10:24:21', NULL, 4),
(48, 'EL PARAÍSO', '2021-01-11 10:24:21', NULL, 4),
(49, 'FLORIDA', '2021-01-11 10:24:21', NULL, 4),
(50, 'LA JIGUA', '2021-01-11 10:24:21', NULL, 4),
(51, 'LA UNIÓN', '2021-01-11 10:24:21', NULL, 4),
(52, 'NUEVA ARCADIA', '2021-01-11 10:24:21', NULL, 4),
(53, 'SAN AGUSTÍN', '2021-01-11 10:24:21', NULL, 4),
(54, 'SAN ANTONIO', '2021-01-11 10:24:21', NULL, 4),
(55, 'SAN JERÓNIMO', '2021-01-11 10:24:21', NULL, 4),
(56, 'SAN JOSÉ', '2021-01-11 10:24:21', NULL, 4),
(57, 'SAN JUAN DE OPOA', '2021-01-11 10:24:21', NULL, 4),
(58, 'SAN NICOLÁS', '2021-01-11 10:24:21', NULL, 4),
(59, 'SAN PEDRO', '2021-01-11 10:24:21', NULL, 4),
(60, 'SANTA RITA', '2021-01-11 10:24:21', NULL, 4),
(61, 'TRINIDAD DE COPÁN', '2021-01-11 10:24:21', NULL, 4),
(62, 'VERACRUZ', '2021-01-11 10:24:21', NULL, 4),
(63, 'SAN PEDRO SULA', '2021-01-11 10:26:38', NULL, 5),
(64, 'CHOLOMA', '2021-01-11 10:26:38', NULL, 5),
(65, 'OMOA', '2021-01-11 10:26:38', NULL, 5),
(66, 'PIMIENTA', '2021-01-11 10:26:38', NULL, 5),
(67, 'POTRERILLOS', '2021-01-11 10:26:38', NULL, 5),
(68, 'PUERTO CORTÉS', '2021-01-11 10:26:38', NULL, 5),
(69, 'SAN ANTONIO DE CORTÉS', '2021-01-11 10:26:38', NULL, 5),
(70, 'SAN FRANCISCO DE YOJOA', '2021-01-11 10:26:38', NULL, 5),
(71, 'SAN MANUEL', '2021-01-11 10:26:38', NULL, 5),
(72, 'SANTA CRUZ DE YOJOA', '2021-01-11 10:26:38', NULL, 5),
(73, 'VILLANUEVA', '2021-01-11 10:26:38', NULL, 5),
(74, 'LA LIMA', '2021-01-11 10:26:38', NULL, 5),
(75, 'CHOLUTECA', '2021-01-11 10:29:31', NULL, 6),
(76, 'APACILAGUA', '2021-01-11 10:29:31', NULL, 6),
(77, 'CONCEPCIÓN DE MARÍA', '2021-01-11 10:29:31', NULL, 6),
(78, 'DUYURE', '2021-01-11 10:29:31', NULL, 6),
(79, 'EL CORPUS', '2021-01-11 10:29:31', NULL, 6),
(80, 'EL TRIUNFO', '2021-01-11 10:29:31', NULL, 6),
(81, 'MARCOVIA', '2021-01-11 10:29:32', NULL, 6),
(82, 'MOROLICA', '2021-01-11 10:29:32', NULL, 6),
(83, 'NAMASIGUE', '2021-01-11 10:29:32', NULL, 6),
(84, 'OROCUINA', '2021-01-11 10:29:32', NULL, 6),
(85, 'PESPIRE', '2021-01-11 10:29:32', NULL, 6),
(86, 'SAN ANTONIO DE FLORES', '2021-01-11 10:29:32', NULL, 6),
(87, 'SAN ISIDRO', '2021-01-11 10:29:32', NULL, 6),
(88, 'SAN JOSÉ', '2021-01-11 10:29:32', NULL, 6),
(89, 'SAN MARCOS DE COLÓN', '2021-01-11 10:29:32', NULL, 6),
(90, 'SANTA ANA DE YUSGUARE', '2021-01-11 10:29:32', NULL, 6),
(91, 'YUSCARÁN', '2021-01-11 10:35:04', NULL, 7),
(92, 'ALAUCA', '2021-01-11 10:35:04', NULL, 7),
(93, 'DANLÍ', '2021-01-11 10:35:04', NULL, 7),
(94, 'EL PARAÍSO', '2021-01-11 10:35:04', NULL, 7),
(95, 'GÜINOPE', '2021-01-11 10:35:04', NULL, 7),
(96, 'JACALEAPA', '2021-01-11 10:35:04', NULL, 7),
(97, 'LIURE', '2021-01-11 10:35:04', NULL, 7),
(98, 'MOROCELÍ', '2021-01-11 10:35:04', NULL, 7),
(99, 'OROPOLÍ', '2021-01-11 10:35:04', NULL, 7),
(100, 'POTRERILLOS', '2021-01-11 10:35:04', NULL, 7),
(101, 'SAN ANTONIO DE FLORES', '2021-01-11 10:35:04', NULL, 7),
(102, 'SAN LUCAS', '2021-01-11 10:35:04', NULL, 7),
(103, 'SAN MATÍAS', '2021-01-11 10:35:05', NULL, 7),
(104, 'SOLEDAD', '2021-01-11 10:35:05', NULL, 7),
(105, 'TEUPASENTI', '2021-01-11 10:35:05', NULL, 7),
(106, 'TEXIGUAT', '2021-01-11 10:35:05', NULL, 7),
(107, 'VADO ANCHO', '2021-01-11 10:35:05', NULL, 7),
(108, 'YAUYUPE', '2021-01-11 10:35:05', NULL, 7),
(109, 'TROJES', '2021-01-11 10:35:05', NULL, 7),
(110, 'DISTRITO CENTRAL', '2021-01-11 10:37:39', NULL, 8),
(111, 'ALUBARÉN', '2021-01-11 10:37:39', NULL, 8),
(112, 'CEDROS', '2021-01-11 10:37:39', NULL, 8),
(113, 'CURARÉN', '2021-01-11 10:37:39', NULL, 8),
(114, 'EL PORVENIR', '2021-01-11 10:37:39', NULL, 8),
(115, 'GUAIMACA', '2021-01-11 10:37:39', NULL, 8),
(116, 'LA LIBERTAD', '2021-01-11 10:37:39', NULL, 8),
(117, 'LA VENTA', '2021-01-11 10:37:39', NULL, 8),
(118, 'LEPATERIQUE', '2021-01-11 10:37:39', NULL, 8),
(119, 'MARAITA', '2021-01-11 10:37:39', NULL, 8),
(120, 'MARALE', '2021-01-11 10:37:39', NULL, 8),
(121, 'NUEVA ARMENIA', '2021-01-11 10:37:39', NULL, 8),
(122, 'OJOJONA', '2021-01-11 10:37:39', NULL, 8),
(123, 'ORICA', '2021-01-11 10:37:39', NULL, 8),
(124, 'REITOCA', '2021-01-11 10:37:39', NULL, 8),
(125, 'SABANAGRANDE', '2021-01-11 10:37:39', NULL, 8),
(126, 'SAN ANTONIO DE ORIENTE', '2021-01-11 10:37:39', NULL, 8),
(127, 'SAN BUENAVENTURA', '2021-01-11 10:37:39', NULL, 8),
(128, 'SAN IGNACIO', '2021-01-11 10:37:39', NULL, 8),
(129, 'SAN JUAN DE FLORES', '2021-01-11 10:37:39', NULL, 8),
(130, 'SAN MIGUELITO', '2021-01-11 10:37:39', NULL, 8),
(131, 'SANTA ANA', '2021-01-11 10:37:39', NULL, 8),
(132, 'SANTA LUCÍA', '2021-01-11 10:37:39', NULL, 8),
(133, 'TALANGA', '2021-01-11 10:37:39', NULL, 8),
(134, 'TATUMBLA', '2021-01-11 10:37:39', NULL, 8),
(135, 'VALLE DE ÁNGELES', '2021-01-11 10:37:39', NULL, 8),
(136, 'VILLA DE SAN FRANCISCO', '2021-01-11 10:37:39', NULL, 8),
(137, 'VALLECILLO', '2021-01-11 10:37:39', NULL, 8),
(138, 'PUERTO LEMPIRA', '2021-01-11 10:40:22', NULL, 9),
(139, 'BRUS LAGUNA', '2021-01-11 10:40:22', NULL, 9),
(140, 'AHUAS', '2021-01-11 10:40:22', NULL, 9),
(141, 'JUAN FRANCISCO BULNES', '2021-01-11 10:40:22', NULL, 9),
(142, 'RAMÓN VILLEDA MORALES', '2021-01-11 10:40:22', NULL, 9),
(143, 'WAMPUSIRPE', '2021-01-11 10:40:22', NULL, 9),
(144, 'LA ESPERANZA', '2021-01-11 10:42:37', NULL, 10),
(145, 'CAMASCA', '2021-01-11 10:42:37', NULL, 10),
(146, 'COLOMONCAGUA', '2021-01-11 10:42:37', NULL, 10),
(147, 'CONCEPCIÓN', '2021-01-11 10:42:37', NULL, 10),
(148, 'DOLORES', '2021-01-11 10:42:37', NULL, 10),
(149, 'INTIBUCÁ', '2021-01-11 10:42:37', NULL, 10),
(150, 'JESÚS DE OTORO', '2021-01-11 10:42:37', NULL, 10),
(151, 'MAGDALENA', '2021-01-11 10:42:37', NULL, 10),
(152, 'MASAGUARA', '2021-01-11 10:42:37', NULL, 10),
(153, 'SAN ANTONIO', '2021-01-11 10:42:37', NULL, 10),
(154, 'SAN ISIDRO', '2021-01-11 10:42:37', NULL, 10),
(155, 'SAN JUAN', '2021-01-11 10:42:37', NULL, 10),
(156, 'SAN MARCOS DE LA SIERRA', '2021-01-11 10:42:37', NULL, 10),
(157, 'SAN MIGUEL GUANCAPLA', '2021-01-11 10:42:37', NULL, 10),
(158, 'SANTA LUCÍA', '2021-01-11 10:42:37', NULL, 10),
(159, 'YAMARANGUILA', '2021-01-11 10:42:38', NULL, 10),
(160, 'SAN FRANCISCO DE OPALACA', '2021-01-11 10:42:38', NULL, 10),
(161, 'ROATÁN', '2021-01-11 10:43:50', NULL, 11),
(162, 'GUANAJA', '2021-01-11 10:43:50', NULL, 11),
(163, 'JOSÉ SANTOS GUARDIOLA', '2021-01-11 10:43:50', NULL, 11),
(164, 'UTILA', '2021-01-11 10:43:50', NULL, 11),
(165, 'LA PAZ', '2021-01-11 10:45:32', NULL, 12),
(166, 'AGUANQUETERIQUE', '2021-01-11 10:45:32', NULL, 12),
(167, 'CABAÑAS', '2021-01-11 10:45:32', NULL, 12),
(168, 'CANE', '2021-01-11 10:45:32', NULL, 12),
(169, 'CHINACLA', '2021-01-11 10:45:32', NULL, 12),
(170, 'GUAJIQUIRO', '2021-01-11 10:45:32', NULL, 12),
(171, 'LAUTERIQUE', '2021-01-11 10:45:32', NULL, 12),
(172, 'MARCALA', '2021-01-11 10:45:32', NULL, 12),
(173, 'MERCEDES DE ORIENTE', '2021-01-11 10:45:32', NULL, 12),
(174, 'OPATORO', '2021-01-11 10:45:32', NULL, 12),
(175, 'SAN ANTONIO DEL NORTE', '2021-01-11 10:45:32', NULL, 12),
(176, 'SAN JOSÉ', '2021-01-11 10:45:32', NULL, 12),
(177, 'SAN JUAN', '2021-01-11 10:45:32', NULL, 12),
(178, 'SAN PEDRO DE TUTULE', '2021-01-11 10:45:32', NULL, 12),
(179, 'SANTA ANA', '2021-01-11 10:45:33', NULL, 12),
(180, 'SANTA ELENA', '2021-01-11 10:45:33', NULL, 12),
(181, 'SANTA MARÍA', '2021-01-11 10:45:33', NULL, 12),
(182, 'SANTIAGO DE PURINGLA', '2021-01-11 10:45:33', NULL, 12),
(183, 'YARULA', '2021-01-11 10:45:33', NULL, 12),
(184, 'GRACIAS', '2021-01-11 10:47:09', NULL, 13),
(185, 'BELÉN', '2021-01-11 10:47:09', NULL, 13),
(186, 'CANDELARIA', '2021-01-11 10:47:09', NULL, 13),
(187, 'COLOLACA', '2021-01-11 10:47:09', NULL, 13),
(188, 'ERANDIQUE', '2021-01-11 10:47:10', NULL, 13),
(189, 'GUALCINCE', '2021-01-11 10:47:10', NULL, 13),
(190, 'GUARITA', '2021-01-11 10:47:10', NULL, 13),
(191, 'LA CAMPA', '2021-01-11 10:47:10', NULL, 13),
(192, 'LA IGUALA', '2021-01-11 10:47:10', NULL, 13),
(193, 'LAS FLORES', '2021-01-11 10:47:10', NULL, 13),
(194, 'LA UNIÓN', '2021-01-11 10:47:10', NULL, 13),
(195, 'LA VIRTUD', '2021-01-11 10:47:10', NULL, 13),
(196, 'LEPAERA', '2021-01-11 10:47:10', NULL, 13),
(197, 'MAPULACA', '2021-01-11 10:47:10', NULL, 13),
(198, 'PIRAERA', '2021-01-11 10:47:10', NULL, 13),
(199, 'SAN ANDRÉS', '2021-01-11 10:47:10', NULL, 13),
(200, 'SAN FRANCISCO', '2021-01-11 10:47:10', NULL, 13),
(201, 'SAN JUAN GUARITA', '2021-01-11 10:47:10', NULL, 13),
(202, 'SAN MANUEL COLOHETE', '2021-01-11 10:47:10', NULL, 13),
(203, 'SAN RAFAEL', '2021-01-11 10:47:10', NULL, 13),
(204, 'SAN SEBASTIÁN', '2021-01-11 10:47:10', NULL, 13),
(205, 'SANTA CRUZ', '2021-01-11 10:47:10', NULL, 13),
(206, 'TALGUA', '2021-01-11 10:47:10', NULL, 13),
(207, 'TAMBLA', '2021-01-11 10:47:10', NULL, 13),
(208, 'TOMALÁ', '2021-01-11 10:47:10', NULL, 13),
(209, 'VALLADOLID', '2021-01-11 10:47:10', NULL, 13),
(210, 'VIRGINIA', '2021-01-11 10:47:10', NULL, 13),
(211, 'SAN MARCOS DE CAIQUÍN', '2021-01-11 10:47:10', NULL, 13),
(212, 'OCOTEPEQUE', '2021-01-11 10:48:46', NULL, 14),
(213, 'BELÉN GUALCHO', '2021-01-11 10:48:46', NULL, 14),
(214, 'CONCEPCIÓN', '2021-01-11 10:48:46', NULL, 14),
(215, 'DOLORES MERENDÓN', '2021-01-11 10:48:46', NULL, 14),
(216, 'FRATERNIDAD', '2021-01-11 10:48:46', NULL, 14),
(217, 'LA ENCARNACIÓN', '2021-01-11 10:48:46', NULL, 14),
(218, 'LA LABOR', '2021-01-11 10:48:46', NULL, 14),
(219, 'LUCERNA', '2021-01-11 10:48:46', NULL, 14),
(220, 'MERCEDES', '2021-01-11 10:48:46', NULL, 14),
(221, 'SAN FERNANDO', '2021-01-11 10:48:46', NULL, 14),
(222, 'SAN FRANCISCO DEL VALLE', '2021-01-11 10:48:46', NULL, 14),
(223, 'SAN JORGE', '2021-01-11 10:48:46', NULL, 14),
(224, 'SAN MARCOS', '2021-01-11 10:48:46', NULL, 14),
(225, 'SANTA FE', '2021-01-11 10:48:46', NULL, 14),
(226, 'SENSENTI', '2021-01-11 10:48:46', NULL, 14),
(227, 'SINUAPA', '2021-01-11 10:48:46', NULL, 14),
(228, 'JUTICALPA', '2021-01-11 10:50:30', NULL, 15),
(229, 'CAMPAMENTO', '2021-01-11 10:50:30', NULL, 15),
(230, 'CATACAMAS', '2021-01-11 10:50:30', NULL, 15),
(231, 'CONCORDIA', '2021-01-11 10:50:30', NULL, 15),
(232, 'DULCE NOMBRE DE CULMÍ', '2021-01-11 10:50:30', NULL, 15),
(233, 'EL ROSARIO', '2021-01-11 10:50:30', NULL, 15),
(234, 'ESQUIPULAS DEL NORTE', '2021-01-11 10:50:30', NULL, 15),
(235, 'GUALACO', '2021-01-11 10:50:30', NULL, 15),
(236, 'GUARIZAMA', '2021-01-11 10:50:30', NULL, 15),
(237, 'GUATA', '2021-01-11 10:50:30', NULL, 15),
(238, 'GUAYAPE', '2021-01-11 10:50:30', NULL, 15),
(239, 'JANO', '2021-01-11 10:50:30', NULL, 15),
(240, 'LA UNIÓN', '2021-01-11 10:50:30', NULL, 15),
(241, 'MANGULILE', '2021-01-11 10:50:30', NULL, 15),
(242, 'MANTO', '2021-01-11 10:50:30', NULL, 15),
(243, 'SALAMÁ', '2021-01-11 10:50:30', NULL, 15),
(244, 'SAN ESTEBAN', '2021-01-11 10:50:30', NULL, 15),
(245, 'SAN FRANCISCO DE BECERRA', '2021-01-11 10:50:30', NULL, 15),
(246, 'SAN FRANCISCO DE LA PAZ', '2021-01-11 10:50:31', NULL, 15),
(247, 'SANTA MARÍA DEL REAL', '2021-01-11 10:50:31', NULL, 15),
(248, 'SILCA', '2021-01-11 10:50:31', NULL, 15),
(249, 'YOCÓN', '2021-01-11 10:50:31', NULL, 15),
(250, 'PATUCA', '2021-01-11 10:50:31', NULL, 15),
(251, 'SANTA BÁRBARA', '2021-01-11 10:53:10', NULL, 16),
(252, 'ARADA', '2021-01-11 10:53:10', NULL, 16),
(253, 'ATIMA', '2021-01-11 10:53:10', NULL, 16),
(254, 'AZACUALPA', '2021-01-11 10:53:10', NULL, 16),
(255, 'CEGUACA', '2021-01-11 10:53:10', NULL, 16),
(256, 'CONCEPCIÓN DEL NORTE', '2021-01-11 10:53:10', NULL, 16),
(257, 'CONCEPCIÓN DEL SUR', '2021-01-11 10:53:10', NULL, 16),
(258, 'CHINDA', '2021-01-11 10:53:10', NULL, 16),
(259, 'EL NÍSPERO', '2021-01-11 10:53:10', NULL, 16),
(260, 'GUALALA', '2021-01-11 10:53:10', NULL, 16),
(261, 'ILAMA', '2021-01-11 10:53:10', NULL, 16),
(262, 'LAS VEGAS', '2021-01-11 10:53:10', NULL, 16),
(263, 'MACUELIZO', '2021-01-11 10:53:10', NULL, 16),
(264, 'NARANJITO', '2021-01-11 10:53:10', NULL, 16),
(265, 'NUEVO CELILAC', '2021-01-11 10:53:11', NULL, 16),
(266, 'NUEVA FRONTERA', '2021-01-11 10:53:11', NULL, 16),
(267, 'PETOA', '2021-01-11 10:53:11', NULL, 16),
(268, 'PROTECCIÓN', '2021-01-11 10:53:11', NULL, 16),
(269, 'QUIMISTÁN', '2021-01-11 10:53:11', NULL, 16),
(270, 'SAN FRANCISCO DE OJUERA', '2021-01-11 10:53:11', NULL, 16),
(271, 'SAN JOSÉ DE LAS COLINAS', '2021-01-11 10:53:11', NULL, 16),
(272, 'SAN LUIS', '2021-01-11 10:53:11', NULL, 16),
(273, 'SAN MARCOS', '2021-01-11 10:53:11', NULL, 16),
(274, 'SAN NICOLÁS', '2021-01-11 10:53:11', NULL, 16),
(275, 'SAN PEDRO ZACAPA', '2021-01-11 10:53:11', NULL, 16),
(276, 'SAN VICENTE CENTENARIO', '2021-01-11 10:53:11', NULL, 16),
(277, 'SANTA RITA', '2021-01-11 10:53:11', NULL, 16),
(278, 'TRINIDAD', '2021-01-11 10:53:11', NULL, 16),
(279, 'NACAOME', '2021-01-11 10:54:24', NULL, 17),
(280, 'ALIANZA', '2021-01-11 10:54:24', NULL, 17),
(281, 'AMAPALA', '2021-01-11 10:54:24', NULL, 17),
(282, 'ARAMECINA', '2021-01-11 10:54:24', NULL, 17),
(283, 'CARIDAD', '2021-01-11 10:54:24', NULL, 17),
(284, 'GOASCORÁN', '2021-01-11 10:54:24', NULL, 17),
(285, 'LANGUE', '2021-01-11 10:54:24', NULL, 17),
(286, 'SAN FRANCISCO DE CORAY', '2021-01-11 10:54:24', NULL, 17),
(287, 'SAN LORENZO', '2021-01-11 10:54:24', NULL, 17),
(288, 'YORO', '2021-01-11 10:55:56', NULL, 18),
(289, 'ARENAL', '2021-01-11 10:55:56', NULL, 18),
(290, 'EL NEGRITO', '2021-01-11 10:55:56', NULL, 18),
(291, 'EL PROGRESO', '2021-01-11 10:55:56', NULL, 18),
(292, 'JOCÓN', '2021-01-11 10:55:56', NULL, 18),
(293, 'MORAZÁN', '2021-01-11 10:55:56', NULL, 18),
(294, 'OLANCHITO', '2021-01-11 10:55:56', NULL, 18),
(295, 'SANTA RITA', '2021-01-11 10:55:56', NULL, 18),
(296, 'SULACO', '2021-01-11 10:55:56', NULL, 18),
(297, 'VICTORIA', '2021-01-11 10:55:56', NULL, 18),
(298, 'YORITO', '2021-01-11 10:55:56', NULL, 18);

-- --------------------------------------------------------

--
-- Estructura de tabla para la tabla `pago_compra`
--

CREATE TABLE `pago_compra` (
  `id` int(11) NOT NULL,
  `monto` double NOT NULL,
  `fecha` date NOT NULL,
  `users_id` bigint(20) UNSIGNED NOT NULL,
  `created_at` timestamp NOT NULL,
  `updated_at` timestamp NULL DEFAULT NULL,
  `compra_id` int(11) NOT NULL
) ENGINE=InnoDB DEFAULT CHARSET=latin1;

--
-- Volcado de datos para la tabla `pago_compra`
--

INSERT INTO `pago_compra` (`id`, `monto`, `fecha`, `users_id`, `created_at`, `updated_at`, `compra_id`) VALUES
(1, 20000, '2022-03-28', 3, '2022-03-27 20:27:21', '2022-03-28 20:26:21', 2);

-- --------------------------------------------------------

--
-- Estructura de tabla para la tabla `pais`
--

CREATE TABLE `pais` (
  `id` int(11) NOT NULL,
  `nombre` varchar(45) NOT NULL,
  `created_at` timestamp NOT NULL,
  `updated_at` timestamp NULL DEFAULT NULL
) ENGINE=InnoDB DEFAULT CHARSET=latin1;

--
-- Volcado de datos para la tabla `pais`
--

INSERT INTO `pais` (`id`, `nombre`, `created_at`, `updated_at`) VALUES
(1, 'Honduras', '2022-03-14 21:56:05', '2022-03-14 21:55:48');

-- --------------------------------------------------------

--
-- Estructura de tabla para la tabla `password_resets`
--

CREATE TABLE `password_resets` (
  `email` varchar(255) COLLATE utf8mb4_unicode_ci NOT NULL,
  `token` varchar(255) COLLATE utf8mb4_unicode_ci NOT NULL,
  `created_at` timestamp NULL DEFAULT NULL
) ENGINE=InnoDB DEFAULT CHARSET=utf8mb4 COLLATE=utf8mb4_unicode_ci;

-- --------------------------------------------------------

--
-- Estructura de tabla para la tabla `permissions`
--

CREATE TABLE `permissions` (
  `id` bigint(20) UNSIGNED NOT NULL,
  `name` varchar(255) COLLATE utf8mb4_unicode_ci NOT NULL,
  `guard_name` varchar(255) COLLATE utf8mb4_unicode_ci NOT NULL,
  `created_at` timestamp NULL DEFAULT NULL,
  `updated_at` timestamp NULL DEFAULT NULL
) ENGINE=InnoDB DEFAULT CHARSET=utf8mb4 COLLATE=utf8mb4_unicode_ci;

-- --------------------------------------------------------

--
-- Estructura de tabla para la tabla `personal_access_tokens`
--

CREATE TABLE `personal_access_tokens` (
  `id` bigint(20) UNSIGNED NOT NULL,
  `tokenable_type` varchar(255) COLLATE utf8mb4_unicode_ci NOT NULL,
  `tokenable_id` bigint(20) UNSIGNED NOT NULL,
  `name` varchar(255) COLLATE utf8mb4_unicode_ci NOT NULL,
  `token` varchar(64) COLLATE utf8mb4_unicode_ci NOT NULL,
  `abilities` text COLLATE utf8mb4_unicode_ci,
  `last_used_at` timestamp NULL DEFAULT NULL,
  `created_at` timestamp NULL DEFAULT NULL,
  `updated_at` timestamp NULL DEFAULT NULL
) ENGINE=InnoDB DEFAULT CHARSET=utf8mb4 COLLATE=utf8mb4_unicode_ci;

-- --------------------------------------------------------

--
-- Estructura de tabla para la tabla `precios_venta`
--

CREATE TABLE `precios_venta` (
  `id` int(11) NOT NULL,
  `precio` double NOT NULL,
  `created_at` timestamp NOT NULL,
  `updated_at` timestamp NULL DEFAULT NULL,
  `producto_id` int(11) NOT NULL,
  `users_id` bigint(20) UNSIGNED NOT NULL
) ENGINE=InnoDB DEFAULT CHARSET=latin1;

--
-- Volcado de datos para la tabla `precios_venta`
--

INSERT INTO `precios_venta` (`id`, `precio`, `created_at`, `updated_at`, `producto_id`, `users_id`) VALUES
(1, 100, '2022-03-25 04:42:55', '2022-03-25 04:42:55', 1, 3),
(2, 200, '2022-03-25 04:42:55', '2022-03-25 04:42:55', 1, 3),
(3, 300, '2022-03-25 04:42:55', '2022-03-25 04:42:55', 1, 3),
(4, 100, '2022-03-25 04:44:01', '2022-03-25 04:44:01', 2, 3),
(5, 200, '2022-03-25 04:44:01', '2022-03-25 04:44:01', 2, 3),
(6, 300, '2022-03-25 04:44:01', '2022-03-25 04:44:01', 2, 3),
(13, 100, '2022-03-25 04:47:04', '2022-03-25 04:47:04', 5, 3),
(14, 200, '2022-03-25 04:47:04', '2022-03-25 04:47:04', 5, 3),
(15, 300, '2022-03-25 04:47:04', '2022-03-25 04:47:04', 5, 3);

-- --------------------------------------------------------

--
-- Estructura de tabla para la tabla `producto`
--

CREATE TABLE `producto` (
  `id` int(11) NOT NULL,
  `nombre` varchar(200) NOT NULL,
  `descripcion` varchar(1000) NOT NULL,
  `isv` int(11) NOT NULL,
  `codigo_barra` varchar(13) DEFAULT NULL,
  `codigo_estatal` varchar(45) DEFAULT NULL,
  `created_at` timestamp NOT NULL,
  `updated_at` timestamp NULL DEFAULT NULL,
  `categoria_id` int(11) NOT NULL,
  `unidad_medida_id` int(11) NOT NULL
) ENGINE=InnoDB DEFAULT CHARSET=latin1;

--
-- Volcado de datos para la tabla `producto`
--

INSERT INTO `producto` (`id`, `nombre`, `descripcion`, `isv`, `codigo_barra`, `codigo_estatal`, `created_at`, `updated_at`, `categoria_id`, `unidad_medida_id`) VALUES
(1, 'producto1', 'Producto', 15, '111', '111', '2022-03-25 04:42:55', '2022-03-25 04:42:55', 1, 1),
(2, 'producto2', 'Producto', 15, '111', '111', '2022-03-27 21:38:28', '2022-03-25 04:44:01', 1, 1),
(5, 'producto3', 'Producto', 15, '111', '111', '2022-03-27 21:38:35', '2022-03-25 04:47:04', 1, 1);

-- --------------------------------------------------------

--
-- Estructura de tabla para la tabla `proveedores`
--

CREATE TABLE `proveedores` (
  `id` int(11) NOT NULL,
  `codigo` varchar(45) DEFAULT NULL,
  `nombre` varchar(45) NOT NULL,
  `direccion` varchar(45) NOT NULL,
  `contacto` varchar(45) NOT NULL,
  `telefono_1` varchar(45) NOT NULL,
  `telefono_2` varchar(45) DEFAULT NULL,
  `correo_1` varchar(45) NOT NULL,
  `correo_2` varchar(45) DEFAULT NULL,
  `rtn` varchar(45) NOT NULL,
  `registrado_por` bigint(20) UNSIGNED NOT NULL,
  `estado_id` int(11) NOT NULL,
  `municipio_id` int(11) NOT NULL,
  `tipo_personalidad_id` int(11) NOT NULL,
  `categoria_id` int(11) NOT NULL,
  `created_at` timestamp NOT NULL,
  `updated_at` timestamp NULL DEFAULT NULL
) ENGINE=InnoDB DEFAULT CHARSET=latin1;

--
-- Volcado de datos para la tabla `proveedores`
--

INSERT INTO `proveedores` (`id`, `codigo`, `nombre`, `direccion`, `contacto`, `telefono_1`, `telefono_2`, `correo_1`, `correo_2`, `rtn`, `registrado_por`, `estado_id`, `municipio_id`, `tipo_personalidad_id`, `categoria_id`, `created_at`, `updated_at`) VALUES
(1, '11101', 'Proveedor 1', 'comayaguela', 'Pedro', '+50489282146', '5569874', 'luisfaviles18@gmail.com', 'luisfaviles18@gmail.com', '08011990568971', 3, 1, 110, 1, 1, '2022-03-15 09:31:28', '2022-03-29 03:20:01'),
(2, '11101', 'Proveedor 2', 'comayaguela', 'Pedro', '+50489282146', NULL, 'luisfaviles18@gmail.com', NULL, '08011990568971', 3, 1, 110, 1, 1, '2022-03-15 09:32:42', '2022-03-29 09:18:04'),
(4, '12', 'Proveedor 3', 'TEGUCIGALPA\r\nTEGUCIGALPA', 'Pedro', '89282146', NULL, 'luisfaviles18@gmail.com', NULL, '08011990568971', 3, 1, 110, 1, 1, '2022-03-15 09:53:24', '2022-03-29 09:18:17'),
(5, '12', 'Proveedor 4', 'TEGUCIGALPA\r\nTEGUCIGALPA', 'Pedro', '89282146', NULL, 'luisfaviles18@gmail.com', NULL, '08011990568971', 3, 1, 110, 1, 1, '2022-03-15 09:53:41', '2022-03-29 09:18:26'),
(6, '66', 'Proveedor 5', 'TEGUCIGALPA\r\nTEGUCIGALPA', 'Pedro', '99885522', '223355669', 'proveedor1@gmail.com', NULL, '08011990568971', 3, 1, 110, 2, 1, '2022-03-15 12:21:54', '2022-03-15 12:21:54'),
(7, '66', 'Proveedor 6', 'TEGUCIGALPA\r\nTEGUCIGALPA', 'Pedro', '99885522', '223355669', 'proveedor1@gmail.com', NULL, '08011990568971', 3, 1, 110, 2, 1, '2022-03-15 12:22:04', '2022-03-29 09:18:36'),
(8, '66', 'Proveedor 7', 'TEGUCIGALPA\r\nTEGUCIGALPA', 'Pedro', '99885522', '223355669', 'proveedor1@gmail.com', NULL, '08011990568971', 3, 1, 110, 2, 1, '2022-03-15 12:22:07', '2022-03-29 09:18:43'),
(9, '663', 'Proveedor 8', 'Tegucigalpa', 'Juan Perez', '88996655', NULL, 'proveedor@gmail.com', NULL, '08011990568971', 3, 1, 10, 1, 1, '2022-03-15 12:23:56', '2022-03-15 13:02:28');

-- --------------------------------------------------------

--
-- Estructura de tabla para la tabla `retenciones`
--

CREATE TABLE `retenciones` (
  `id` int(11) NOT NULL,
  `nombre` varchar(45) NOT NULL,
  `valor` double DEFAULT NULL,
  `created_at` timestamp NOT NULL,
  `updated_at` timestamp NULL DEFAULT NULL,
  `tipo_retencion_id` int(11) NOT NULL
) ENGINE=InnoDB DEFAULT CHARSET=latin1;

--
-- Volcado de datos para la tabla `retenciones`
--

INSERT INTO `retenciones` (`id`, `nombre`, `valor`, `created_at`, `updated_at`, `tipo_retencion_id`) VALUES
(1, 'No aplica a retencion', 0, '2022-03-15 03:22:26', '2022-03-15 03:20:28', 2),
(2, 'Retencion del 1%', 1, '2022-03-15 03:22:21', '2022-03-15 00:49:57', 2);

-- --------------------------------------------------------

--
-- Estructura de tabla para la tabla `retenciones_has_proveedores`
--

CREATE TABLE `retenciones_has_proveedores` (
  `retenciones_id` int(11) NOT NULL,
  `proveedores_id` int(11) NOT NULL,
  `created_at` timestamp NOT NULL DEFAULT CURRENT_TIMESTAMP,
  `updated_at` timestamp NULL DEFAULT CURRENT_TIMESTAMP
) ENGINE=InnoDB DEFAULT CHARSET=latin1;

--
-- Volcado de datos para la tabla `retenciones_has_proveedores`
--

INSERT INTO `retenciones_has_proveedores` (`retenciones_id`, `proveedores_id`, `created_at`, `updated_at`) VALUES
(2, 4, '2022-03-15 09:53:24', '2022-03-15 09:53:24'),
(2, 6, '2022-03-15 12:21:54', '2022-03-15 12:21:54'),
(2, 7, '2022-03-15 12:22:04', '2022-03-15 12:22:04'),
(2, 8, '2022-03-15 12:22:07', '2022-03-15 12:22:07'),
(2, 9, '2022-03-15 12:23:56', '2022-03-15 12:23:56');

-- --------------------------------------------------------

--
-- Estructura de tabla para la tabla `roles`
--

CREATE TABLE `roles` (
  `id` bigint(20) UNSIGNED NOT NULL,
  `name` varchar(255) COLLATE utf8mb4_unicode_ci NOT NULL,
  `guard_name` varchar(255) COLLATE utf8mb4_unicode_ci NOT NULL,
  `created_at` timestamp NULL DEFAULT NULL,
  `updated_at` timestamp NULL DEFAULT NULL
) ENGINE=InnoDB DEFAULT CHARSET=utf8mb4 COLLATE=utf8mb4_unicode_ci;

-- --------------------------------------------------------

--
-- Estructura de tabla para la tabla `seccion`
--

CREATE TABLE `seccion` (
  `id` int(11) NOT NULL,
  `descripcion` varchar(45) NOT NULL,
  `numeracion` int(11) DEFAULT NULL,
  `created_at` timestamp NOT NULL,
  `updated_at` timestamp NULL DEFAULT NULL,
  `id_bodega` int(11) NOT NULL,
  `estado_id` int(11) NOT NULL
) ENGINE=InnoDB DEFAULT CHARSET=latin1;

--
-- Volcado de datos para la tabla `seccion`
--

INSERT INTO `seccion` (`id`, `descripcion`, `numeracion`, `created_at`, `updated_at`, `id_bodega`, `estado_id`) VALUES
(1, '1', NULL, '2022-03-22 22:51:07', '2022-03-24 07:53:06', 3, 1),
(2, '2', NULL, '2022-03-19 05:57:19', '2022-03-24 07:53:06', 3, 1),
(3, '3', NULL, '2022-03-19 05:57:19', '2022-03-24 07:53:06', 3, 1),
(4, '4', NULL, '2022-03-19 05:57:19', '2022-03-24 07:53:06', 3, 1),
(5, '5', NULL, '2022-03-19 05:57:19', '2022-03-24 07:53:06', 3, 1);

-- --------------------------------------------------------

--
-- Estructura de tabla para la tabla `sessions`
--

CREATE TABLE `sessions` (
  `id` varchar(255) COLLATE utf8mb4_unicode_ci NOT NULL,
  `user_id` bigint(20) UNSIGNED DEFAULT NULL,
  `ip_address` varchar(45) COLLATE utf8mb4_unicode_ci DEFAULT NULL,
  `user_agent` text COLLATE utf8mb4_unicode_ci,
  `payload` text COLLATE utf8mb4_unicode_ci NOT NULL,
  `last_activity` int(11) NOT NULL
) ENGINE=InnoDB DEFAULT CHARSET=utf8mb4 COLLATE=utf8mb4_unicode_ci;

--
-- Volcado de datos para la tabla `sessions`
--

INSERT INTO `sessions` (`id`, `user_id`, `ip_address`, `user_agent`, `payload`, `last_activity`) VALUES
('4twQPEKBLTtPJh7l8egmh1OP9J7eOcbMScuUSRIb', 3, '127.0.0.1', 'Mozilla/5.0 (Windows NT 10.0; Win64; x64) AppleWebKit/537.36 (KHTML, like Gecko) Chrome/99.0.4844.82 Safari/537.36', 'YTo2OntzOjY6Il90b2tlbiI7czo0MDoiMGZ6cGFLSzlSeUs0RmRhOFRoSUZ2bkdSbG00Sk0wRVRvRHJWVUZ0biI7czo5OiJfcHJldmlvdXMiO2E6MTp7czozOiJ1cmwiO3M6MzM6Imh0dHA6Ly8xMjcuMC4wLjE6ODAwMC9wcm92ZWVkb3JlcyI7fXM6NjoiX2ZsYXNoIjthOjI6e3M6Mzoib2xkIjthOjA6e31zOjM6Im5ldyI7YTowOnt9fXM6NTA6ImxvZ2luX3dlYl81OWJhMzZhZGRjMmIyZjk0MDE1ODBmMDE0YzdmNThlYTRlMzA5ODlkIjtpOjM7czoyMToicGFzc3dvcmRfaGFzaF9zYW5jdHVtIjtzOjYwOiIkMnkkMTAkc0xSbEpoMWVtTjA4Wml2TER3a0dSdWNUdE1FczhHYjNNSS5sUmFEVmZvei54L3BxbXRDQkMiO3M6MTc6InBhc3N3b3JkX2hhc2hfd2ViIjtzOjYwOiIkMnkkMTAkc0xSbEpoMWVtTjA4Wml2TER3a0dSdWNUdE1FczhHYjNNSS5sUmFEVmZvei54L3BxbXRDQkMiO30=', 1648523923),
('V31ft6jRoltRj0rv7xxlAcfMKbaUMOVvcXwvXuL5', 3, '127.0.0.1', 'Mozilla/5.0 (Windows NT 10.0; Win64; x64) AppleWebKit/537.36 (KHTML, like Gecko) Chrome/99.0.4844.82 Safari/537.36', 'YTo2OntzOjY6Il90b2tlbiI7czo0MDoiTUNucjhFUnZsZlA0SE9DSld0d2hwZ0lGRWZDOTNxa1lqcGl4SnFlTCI7czo5OiJfcHJldmlvdXMiO2E6MTp7czozOiJ1cmwiO3M6MzM6Imh0dHA6Ly8xMjcuMC4wLjE6ODAwMC9wcm92ZWVkb3JlcyI7fXM6NjoiX2ZsYXNoIjthOjI6e3M6Mzoib2xkIjthOjA6e31zOjM6Im5ldyI7YTowOnt9fXM6NTA6ImxvZ2luX3dlYl81OWJhMzZhZGRjMmIyZjk0MDE1ODBmMDE0YzdmNThlYTRlMzA5ODlkIjtpOjM7czoyMToicGFzc3dvcmRfaGFzaF9zYW5jdHVtIjtzOjYwOiIkMnkkMTAkc0xSbEpoMWVtTjA4Wml2TER3a0dSdWNUdE1FczhHYjNNSS5sUmFEVmZvei54L3BxbXRDQkMiO3M6MTc6InBhc3N3b3JkX2hhc2hfd2ViIjtzOjYwOiIkMnkkMTAkc0xSbEpoMWVtTjA4Wml2TER3a0dSdWNUdE1FczhHYjNNSS5sUmFEVmZvei54L3BxbXRDQkMiO30=', 1648515951);

-- --------------------------------------------------------

--
-- Estructura de tabla para la tabla `teams`
--

CREATE TABLE `teams` (
  `id` bigint(20) UNSIGNED NOT NULL,
  `user_id` bigint(20) UNSIGNED NOT NULL,
  `name` varchar(255) NOT NULL,
  `personal_team` tinyint(1) NOT NULL,
  `created_at` timestamp NULL DEFAULT NULL,
  `updated_at` timestamp NULL DEFAULT NULL
) ENGINE=InnoDB DEFAULT CHARSET=utf8mb4;

--
-- Volcado de datos para la tabla `teams`
--

INSERT INTO `teams` (`id`, `user_id`, `name`, `personal_team`, `created_at`, `updated_at`) VALUES
(1, 2, 'Yefry\'s Team', 1, '2022-03-02 09:05:40', '2022-03-02 09:05:40'),
(2, 3, 'Luis\'s Team', 1, '2022-03-07 12:42:26', '2022-03-07 12:42:26'),
(3, 4, 'Usuario\'s Team', 1, '2022-03-16 01:01:19', '2022-03-16 01:01:19');

-- --------------------------------------------------------

--
-- Estructura de tabla para la tabla `team_invitations`
--

CREATE TABLE `team_invitations` (
  `id` int(10) UNSIGNED NOT NULL,
  `team_id` bigint(20) UNSIGNED NOT NULL,
  `email` varchar(255) NOT NULL,
  `role` varchar(255) DEFAULT NULL,
  `created_at` timestamp NULL DEFAULT NULL,
  `updated_at` timestamp NULL DEFAULT NULL
) ENGINE=InnoDB DEFAULT CHARSET=utf8mb4;

-- --------------------------------------------------------

--
-- Estructura de tabla para la tabla `team_user`
--

CREATE TABLE `team_user` (
  `id` bigint(20) UNSIGNED NOT NULL,
  `team_id` bigint(20) UNSIGNED NOT NULL,
  `user_id` bigint(20) UNSIGNED NOT NULL,
  `role` varchar(255) DEFAULT NULL,
  `created_at` timestamp NULL DEFAULT NULL,
  `updated_at` timestamp NULL DEFAULT NULL
) ENGINE=InnoDB DEFAULT CHARSET=utf8mb4;

-- --------------------------------------------------------

--
-- Estructura de tabla para la tabla `tipo_compra`
--

CREATE TABLE `tipo_compra` (
  `id` int(11) NOT NULL,
  `descripcion` varchar(45) NOT NULL,
  `created_at` timestamp NOT NULL,
  `updated_at` timestamp NULL DEFAULT NULL
) ENGINE=InnoDB DEFAULT CHARSET=latin1;

--
-- Volcado de datos para la tabla `tipo_compra`
--

INSERT INTO `tipo_compra` (`id`, `descripcion`, `created_at`, `updated_at`) VALUES
(1, 'Credito', '2022-03-24 01:03:40', NULL),
(2, 'Contado', '2022-03-24 01:03:40', NULL);

-- --------------------------------------------------------

--
-- Estructura de tabla para la tabla `tipo_personalidad`
--

CREATE TABLE `tipo_personalidad` (
  `id` int(11) NOT NULL,
  `nombre` varchar(45) NOT NULL,
  `created_at` timestamp NOT NULL,
  `updated_at` timestamp NULL DEFAULT NULL
) ENGINE=InnoDB DEFAULT CHARSET=latin1;

--
-- Volcado de datos para la tabla `tipo_personalidad`
--

INSERT INTO `tipo_personalidad` (`id`, `nombre`, `created_at`, `updated_at`) VALUES
(1, 'Persona Natural', '2022-03-15 00:54:28', NULL),
(2, 'Persona Jurídica', '2022-03-15 00:54:28', NULL);

-- --------------------------------------------------------

--
-- Estructura de tabla para la tabla `tipo_retencion`
--

CREATE TABLE `tipo_retencion` (
  `id` int(11) NOT NULL,
  `nombre` varchar(45) NOT NULL,
  `created_at` timestamp NOT NULL,
  `updated_at` timestamp NULL DEFAULT NULL
) ENGINE=InnoDB DEFAULT CHARSET=latin1;

--
-- Volcado de datos para la tabla `tipo_retencion`
--

INSERT INTO `tipo_retencion` (`id`, `nombre`, `created_at`, `updated_at`) VALUES
(1, 'Valor real', '2022-03-15 01:02:46', '2022-03-15 01:02:46'),
(2, 'Porcentaje', '2022-03-15 01:02:46', '2022-03-15 01:02:46');

-- --------------------------------------------------------

--
-- Estructura de tabla para la tabla `tipo_user`
--

CREATE TABLE `tipo_user` (
  `id` int(11) NOT NULL,
  `nombre` varchar(45) DEFAULT NULL
) ENGINE=InnoDB DEFAULT CHARSET=utf8mb4;

--
-- Volcado de datos para la tabla `tipo_user`
--

INSERT INTO `tipo_user` (`id`, `nombre`) VALUES
(1, 'admin');

-- --------------------------------------------------------

--
-- Estructura de tabla para la tabla `tipo_usuario`
--

CREATE TABLE `tipo_usuario` (
  `id` int(11) NOT NULL,
  `descripcion` varchar(45) NOT NULL,
  `created_at` timestamp NOT NULL,
  `updated_at` timestamp NULL DEFAULT NULL
) ENGINE=InnoDB DEFAULT CHARSET=latin1;

--
-- Volcado de datos para la tabla `tipo_usuario`
--

INSERT INTO `tipo_usuario` (`id`, `descripcion`, `created_at`, `updated_at`) VALUES
(1, 'Administrador', '2022-03-15 17:17:08', NULL),
(2, 'Vendedor', '2022-03-15 17:17:08', NULL);

-- --------------------------------------------------------

--
-- Estructura de tabla para la tabla `unidad_medida`
--

CREATE TABLE `unidad_medida` (
  `id` int(11) NOT NULL,
  `unidad` int(11) NOT NULL,
  `nombre` varchar(45) NOT NULL,
  `simbolo` varchar(45) NOT NULL,
  `created_at` timestamp NOT NULL,
  `updated_at` timestamp NULL DEFAULT NULL
) ENGINE=InnoDB DEFAULT CHARSET=latin1;

--
-- Volcado de datos para la tabla `unidad_medida`
--

INSERT INTO `unidad_medida` (`id`, `unidad`, `nombre`, `simbolo`, `created_at`, `updated_at`) VALUES
(1, 1, 'unidad', 'un', '2022-03-24 01:16:22', '2022-03-24 01:08:57'),
(2, 1, 'yarda', 'yd', '2022-03-24 01:15:54', '2022-03-24 01:08:57');

-- --------------------------------------------------------

--
-- Estructura de tabla para la tabla `users`
--

CREATE TABLE `users` (
  `id` bigint(20) UNSIGNED NOT NULL,
  `identidad` varchar(13) COLLATE utf8mb4_unicode_ci DEFAULT NULL,
  `name` varchar(255) COLLATE utf8mb4_unicode_ci NOT NULL,
  `email` varchar(255) COLLATE utf8mb4_unicode_ci NOT NULL,
  `email_verified_at` timestamp NULL DEFAULT NULL,
  `password` varchar(255) COLLATE utf8mb4_unicode_ci NOT NULL,
  `two_factor_secret` text COLLATE utf8mb4_unicode_ci,
  `two_factor_recovery_codes` text COLLATE utf8mb4_unicode_ci,
  `remember_token` varchar(100) COLLATE utf8mb4_unicode_ci DEFAULT NULL,
  `current_team_id` bigint(20) UNSIGNED DEFAULT NULL,
  `profile_photo_path` text COLLATE utf8mb4_unicode_ci,
  `created_at` timestamp NULL DEFAULT NULL,
  `updated_at` timestamp NULL DEFAULT NULL,
  `id_tipo_user` int(11) DEFAULT NULL,
  `tipo_usuario_id` int(11) DEFAULT '1',
  `fecha_nacimiento` date DEFAULT NULL,
  `telefono` varchar(45) COLLATE utf8mb4_unicode_ci DEFAULT NULL
) ENGINE=InnoDB DEFAULT CHARSET=utf8mb4 COLLATE=utf8mb4_unicode_ci;

--
-- Volcado de datos para la tabla `users`
--

INSERT INTO `users` (`id`, `identidad`, `name`, `email`, `email_verified_at`, `password`, `two_factor_secret`, `two_factor_recovery_codes`, `remember_token`, `current_team_id`, `profile_photo_path`, `created_at`, `updated_at`, `id_tipo_user`, `tipo_usuario_id`, `fecha_nacimiento`, `telefono`) VALUES
(2, '0801199612356', 'Yefry Ortiz', 'yefryyo@gmail.com', NULL, '$2y$10$YgQRCumSehYxcGqjPKYL9e6hPVN.V8NmhwbFT6CqyWoF4bHGIf8Be', NULL, NULL, NULL, 1, NULL, '2022-03-02 09:05:40', '2022-03-02 09:05:41', 1, 1, '1996-04-01', '22336699'),
(3, '0822199500082', 'Luis Aviles', 'luisfaviles18@gmail.com', NULL, '$2y$10$sLRlJh1emN08ZivLDwkGRucTtMEs8Gb3MI.lRaDVfoz.x/pqmtCBC', NULL, NULL, NULL, 2, 'profile-photos/oNdajTCAvTsuuRD76t4ognTdmhWLIOy9nEszULmY.jpg', '2022-03-07 12:42:26', '2022-03-24 11:52:49', 1, 1, '1995-03-16', '89282146'),
(4, '0801199036544', 'Usuario', 'usuario.prueba@distribucionesvalencia.hn', NULL, '$2y$10$KQ3DjX8eDhNcDN7qXhgTDuzMcgNL5B5RzAoRKKeL58i5c4tMcJg2O', NULL, NULL, NULL, 3, NULL, '2022-03-16 01:01:19', '2022-03-16 01:01:20', 1, 1, '2022-03-15', '88996655');

--
-- Índices para tablas volcadas
--

--
-- Indices de la tabla `bodega`
--
ALTER TABLE `bodega`
  ADD PRIMARY KEY (`id`),
  ADD KEY `fk_bodega_users1_idx` (`encargado_bodega`),
  ADD KEY `fk_bodega_estado1_idx` (`estado_id`);

--
-- Indices de la tabla `categoria`
--
ALTER TABLE `categoria`
  ADD PRIMARY KEY (`id`);

--
-- Indices de la tabla `categoria_producto`
--
ALTER TABLE `categoria_producto`
  ADD PRIMARY KEY (`id`);

--
-- Indices de la tabla `compra`
--
ALTER TABLE `compra`
  ADD PRIMARY KEY (`id`),
  ADD KEY `fk_compra_proveedores1_idx` (`proveedores_id`),
  ADD KEY `fk_compra_users1_idx` (`users_id`),
  ADD KEY `fk_compra_tipo_compra1_idx` (`tipo_compra_id`);

--
-- Indices de la tabla `compra_has_producto`
--
ALTER TABLE `compra_has_producto`
  ADD PRIMARY KEY (`compra_id`,`producto_id`),
  ADD KEY `fk_compra_has_producto_producto1_idx` (`producto_id`),
  ADD KEY `fk_compra_has_producto_compra1_idx` (`compra_id`),
  ADD KEY `fk_compra_has_producto_seccion1_idx` (`seccion_id`);

--
-- Indices de la tabla `departamento`
--
ALTER TABLE `departamento`
  ADD PRIMARY KEY (`id`),
  ADD KEY `fk_departamento_pais1_idx` (`pais_id`);

--
-- Indices de la tabla `estado`
--
ALTER TABLE `estado`
  ADD PRIMARY KEY (`id`);

--
-- Indices de la tabla `failed_jobs`
--
ALTER TABLE `failed_jobs`
  ADD PRIMARY KEY (`id`);

--
-- Indices de la tabla `img_producto`
--
ALTER TABLE `img_producto`
  ADD PRIMARY KEY (`id`),
  ADD KEY `fk_img_producto_producto1_idx` (`producto_id`),
  ADD KEY `fk_img_producto_users1_idx` (`users_id`);

--
-- Indices de la tabla `migrations`
--
ALTER TABLE `migrations`
  ADD PRIMARY KEY (`id`);

--
-- Indices de la tabla `municipio`
--
ALTER TABLE `municipio`
  ADD PRIMARY KEY (`id`),
  ADD KEY `fk_municipio_departamento1_idx` (`departamento_id`);

--
-- Indices de la tabla `pago_compra`
--
ALTER TABLE `pago_compra`
  ADD PRIMARY KEY (`id`),
  ADD KEY `fk_pagos_compra_users1_idx` (`users_id`),
  ADD KEY `fk_pagos_compra_compra1_idx` (`compra_id`);

--
-- Indices de la tabla `pais`
--
ALTER TABLE `pais`
  ADD PRIMARY KEY (`id`);

--
-- Indices de la tabla `permissions`
--
ALTER TABLE `permissions`
  ADD PRIMARY KEY (`id`);

--
-- Indices de la tabla `personal_access_tokens`
--
ALTER TABLE `personal_access_tokens`
  ADD PRIMARY KEY (`id`);

--
-- Indices de la tabla `precios_venta`
--
ALTER TABLE `precios_venta`
  ADD PRIMARY KEY (`id`),
  ADD KEY `fk_precios_producto1_idx` (`producto_id`),
  ADD KEY `fk_precios_venta_users1_idx` (`users_id`);

--
-- Indices de la tabla `producto`
--
ALTER TABLE `producto`
  ADD PRIMARY KEY (`id`),
  ADD KEY `fk_producto_categoria1_idx` (`categoria_id`),
  ADD KEY `fk_producto_unidad_medida1_idx` (`unidad_medida_id`);

--
-- Indices de la tabla `proveedores`
--
ALTER TABLE `proveedores`
  ADD PRIMARY KEY (`id`),
  ADD KEY `fk_proveedores_users1_idx` (`registrado_por`),
  ADD KEY `fk_proveedores_estado1_idx` (`estado_id`),
  ADD KEY `fk_proveedores_municipio1_idx` (`municipio_id`),
  ADD KEY `fk_proveedores_tipo_personalidad1_idx` (`tipo_personalidad_id`),
  ADD KEY `fk_proveedores_categoria1_idx` (`categoria_id`);

--
-- Indices de la tabla `retenciones`
--
ALTER TABLE `retenciones`
  ADD PRIMARY KEY (`id`),
  ADD KEY `fk_retenciones_tipo_retencion1_idx` (`tipo_retencion_id`);

--
-- Indices de la tabla `retenciones_has_proveedores`
--
ALTER TABLE `retenciones_has_proveedores`
  ADD PRIMARY KEY (`retenciones_id`,`proveedores_id`),
  ADD KEY `fk_retenciones_proveedor_has_proveedores_proveedores1_idx` (`proveedores_id`),
  ADD KEY `fk_retenciones_proveedor_has_proveedores_retenciones_provee_idx` (`retenciones_id`);

--
-- Indices de la tabla `roles`
--
ALTER TABLE `roles`
  ADD PRIMARY KEY (`id`);

--
-- Indices de la tabla `seccion`
--
ALTER TABLE `seccion`
  ADD PRIMARY KEY (`id`),
  ADD KEY `fk_estante_bodega1_idx` (`id_bodega`),
  ADD KEY `fk_estante_estado1_idx` (`estado_id`);

--
-- Indices de la tabla `sessions`
--
ALTER TABLE `sessions`
  ADD PRIMARY KEY (`id`);

--
-- Indices de la tabla `teams`
--
ALTER TABLE `teams`
  ADD PRIMARY KEY (`id`);

--
-- Indices de la tabla `team_invitations`
--
ALTER TABLE `team_invitations`
  ADD PRIMARY KEY (`id`);

--
-- Indices de la tabla `team_user`
--
ALTER TABLE `team_user`
  ADD PRIMARY KEY (`id`);

--
-- Indices de la tabla `tipo_compra`
--
ALTER TABLE `tipo_compra`
  ADD PRIMARY KEY (`id`);

--
-- Indices de la tabla `tipo_personalidad`
--
ALTER TABLE `tipo_personalidad`
  ADD PRIMARY KEY (`id`);

--
-- Indices de la tabla `tipo_retencion`
--
ALTER TABLE `tipo_retencion`
  ADD PRIMARY KEY (`id`);

--
-- Indices de la tabla `tipo_user`
--
ALTER TABLE `tipo_user`
  ADD PRIMARY KEY (`id`);

--
-- Indices de la tabla `tipo_usuario`
--
ALTER TABLE `tipo_usuario`
  ADD PRIMARY KEY (`id`);

--
-- Indices de la tabla `unidad_medida`
--
ALTER TABLE `unidad_medida`
  ADD PRIMARY KEY (`id`);

--
-- Indices de la tabla `users`
--
ALTER TABLE `users`
  ADD PRIMARY KEY (`id`),
  ADD KEY `fk_users_Tipo_user` (`id_tipo_user`),
  ADD KEY `fk_users_tipo_usuario1_idx` (`tipo_usuario_id`);

--
-- AUTO_INCREMENT de las tablas volcadas
--

--
-- AUTO_INCREMENT de la tabla `bodega`
--
ALTER TABLE `bodega`
  MODIFY `id` int(11) NOT NULL AUTO_INCREMENT, AUTO_INCREMENT=4;

--
-- AUTO_INCREMENT de la tabla `categoria`
--
ALTER TABLE `categoria`
  MODIFY `id` int(11) NOT NULL AUTO_INCREMENT, AUTO_INCREMENT=4;

--
-- AUTO_INCREMENT de la tabla `categoria_producto`
--
ALTER TABLE `categoria_producto`
  MODIFY `id` int(11) NOT NULL AUTO_INCREMENT, AUTO_INCREMENT=3;

--
-- AUTO_INCREMENT de la tabla `compra`
--
ALTER TABLE `compra`
  MODIFY `id` int(11) NOT NULL AUTO_INCREMENT, AUTO_INCREMENT=3;

--
-- AUTO_INCREMENT de la tabla `departamento`
--
ALTER TABLE `departamento`
  MODIFY `id` int(11) NOT NULL AUTO_INCREMENT, AUTO_INCREMENT=19;

--
-- AUTO_INCREMENT de la tabla `estado`
--
ALTER TABLE `estado`
  MODIFY `id` int(11) NOT NULL AUTO_INCREMENT, AUTO_INCREMENT=3;

--
-- AUTO_INCREMENT de la tabla `failed_jobs`
--
ALTER TABLE `failed_jobs`
  MODIFY `id` bigint(20) UNSIGNED NOT NULL AUTO_INCREMENT;

--
-- AUTO_INCREMENT de la tabla `img_producto`
--
ALTER TABLE `img_producto`
  MODIFY `id` int(11) NOT NULL AUTO_INCREMENT, AUTO_INCREMENT=2;

--
-- AUTO_INCREMENT de la tabla `migrations`
--
ALTER TABLE `migrations`
  MODIFY `id` int(10) UNSIGNED NOT NULL AUTO_INCREMENT;

--
-- AUTO_INCREMENT de la tabla `municipio`
--
ALTER TABLE `municipio`
  MODIFY `id` int(11) NOT NULL AUTO_INCREMENT, AUTO_INCREMENT=299;

--
-- AUTO_INCREMENT de la tabla `pago_compra`
--
ALTER TABLE `pago_compra`
  MODIFY `id` int(11) NOT NULL AUTO_INCREMENT, AUTO_INCREMENT=2;

--
-- AUTO_INCREMENT de la tabla `pais`
--
ALTER TABLE `pais`
  MODIFY `id` int(11) NOT NULL AUTO_INCREMENT, AUTO_INCREMENT=2;

--
-- AUTO_INCREMENT de la tabla `permissions`
--
ALTER TABLE `permissions`
  MODIFY `id` bigint(20) UNSIGNED NOT NULL AUTO_INCREMENT;

--
-- AUTO_INCREMENT de la tabla `personal_access_tokens`
--
ALTER TABLE `personal_access_tokens`
  MODIFY `id` bigint(20) UNSIGNED NOT NULL AUTO_INCREMENT;

--
-- AUTO_INCREMENT de la tabla `precios_venta`
--
ALTER TABLE `precios_venta`
  MODIFY `id` int(11) NOT NULL AUTO_INCREMENT, AUTO_INCREMENT=16;

--
-- AUTO_INCREMENT de la tabla `producto`
--
ALTER TABLE `producto`
  MODIFY `id` int(11) NOT NULL AUTO_INCREMENT, AUTO_INCREMENT=6;

--
-- AUTO_INCREMENT de la tabla `proveedores`
--
ALTER TABLE `proveedores`
  MODIFY `id` int(11) NOT NULL AUTO_INCREMENT, AUTO_INCREMENT=10;

--
-- AUTO_INCREMENT de la tabla `retenciones`
--
ALTER TABLE `retenciones`
  MODIFY `id` int(11) NOT NULL AUTO_INCREMENT, AUTO_INCREMENT=3;

--
-- AUTO_INCREMENT de la tabla `roles`
--
ALTER TABLE `roles`
  MODIFY `id` bigint(20) UNSIGNED NOT NULL AUTO_INCREMENT;

--
-- AUTO_INCREMENT de la tabla `seccion`
--
ALTER TABLE `seccion`
  MODIFY `id` int(11) NOT NULL AUTO_INCREMENT, AUTO_INCREMENT=6;

--
-- AUTO_INCREMENT de la tabla `teams`
--
ALTER TABLE `teams`
  MODIFY `id` bigint(20) UNSIGNED NOT NULL AUTO_INCREMENT, AUTO_INCREMENT=4;

--
-- AUTO_INCREMENT de la tabla `tipo_compra`
--
ALTER TABLE `tipo_compra`
  MODIFY `id` int(11) NOT NULL AUTO_INCREMENT, AUTO_INCREMENT=3;

--
-- AUTO_INCREMENT de la tabla `tipo_personalidad`
--
ALTER TABLE `tipo_personalidad`
  MODIFY `id` int(11) NOT NULL AUTO_INCREMENT, AUTO_INCREMENT=3;

--
-- AUTO_INCREMENT de la tabla `tipo_retencion`
--
ALTER TABLE `tipo_retencion`
  MODIFY `id` int(11) NOT NULL AUTO_INCREMENT, AUTO_INCREMENT=3;

--
-- AUTO_INCREMENT de la tabla `tipo_user`
--
ALTER TABLE `tipo_user`
  MODIFY `id` int(11) NOT NULL AUTO_INCREMENT, AUTO_INCREMENT=2;

--
-- AUTO_INCREMENT de la tabla `tipo_usuario`
--
ALTER TABLE `tipo_usuario`
  MODIFY `id` int(11) NOT NULL AUTO_INCREMENT, AUTO_INCREMENT=3;

--
-- AUTO_INCREMENT de la tabla `unidad_medida`
--
ALTER TABLE `unidad_medida`
  MODIFY `id` int(11) NOT NULL AUTO_INCREMENT, AUTO_INCREMENT=3;

--
-- AUTO_INCREMENT de la tabla `users`
--
ALTER TABLE `users`
  MODIFY `id` bigint(20) UNSIGNED NOT NULL AUTO_INCREMENT, AUTO_INCREMENT=5;

--
-- Restricciones para tablas volcadas
--

--
-- Filtros para la tabla `bodega`
--
ALTER TABLE `bodega`
  ADD CONSTRAINT `fk_bodega_estado1` FOREIGN KEY (`estado_id`) REFERENCES `estado` (`id`) ON DELETE NO ACTION ON UPDATE NO ACTION,
  ADD CONSTRAINT `fk_bodega_users1` FOREIGN KEY (`encargado_bodega`) REFERENCES `users` (`id`) ON DELETE NO ACTION ON UPDATE NO ACTION;

--
-- Filtros para la tabla `compra`
--
ALTER TABLE `compra`
  ADD CONSTRAINT `fk_compra_proveedores1` FOREIGN KEY (`proveedores_id`) REFERENCES `proveedores` (`id`) ON DELETE NO ACTION ON UPDATE NO ACTION,
  ADD CONSTRAINT `fk_compra_tipo_compra1` FOREIGN KEY (`tipo_compra_id`) REFERENCES `tipo_compra` (`id`) ON DELETE NO ACTION ON UPDATE NO ACTION,
  ADD CONSTRAINT `fk_compra_users1` FOREIGN KEY (`users_id`) REFERENCES `users` (`id`) ON DELETE NO ACTION ON UPDATE NO ACTION;

--
-- Filtros para la tabla `compra_has_producto`
--
ALTER TABLE `compra_has_producto`
  ADD CONSTRAINT `fk_compra_has_producto_compra1` FOREIGN KEY (`compra_id`) REFERENCES `compra` (`id`) ON DELETE NO ACTION ON UPDATE NO ACTION,
  ADD CONSTRAINT `fk_compra_has_producto_producto1` FOREIGN KEY (`producto_id`) REFERENCES `producto` (`id`) ON DELETE NO ACTION ON UPDATE NO ACTION,
  ADD CONSTRAINT `fk_compra_has_producto_seccion1` FOREIGN KEY (`seccion_id`) REFERENCES `seccion` (`id`) ON DELETE NO ACTION ON UPDATE NO ACTION;

--
-- Filtros para la tabla `departamento`
--
ALTER TABLE `departamento`
  ADD CONSTRAINT `fk_departamento_pais1` FOREIGN KEY (`pais_id`) REFERENCES `pais` (`id`) ON DELETE NO ACTION ON UPDATE NO ACTION;

--
-- Filtros para la tabla `img_producto`
--
ALTER TABLE `img_producto`
  ADD CONSTRAINT `fk_img_producto_producto1` FOREIGN KEY (`producto_id`) REFERENCES `producto` (`id`) ON DELETE NO ACTION ON UPDATE NO ACTION,
  ADD CONSTRAINT `fk_img_producto_users1` FOREIGN KEY (`users_id`) REFERENCES `users` (`id`) ON DELETE NO ACTION ON UPDATE NO ACTION;

--
-- Filtros para la tabla `municipio`
--
ALTER TABLE `municipio`
  ADD CONSTRAINT `fk_municipio_departamento1` FOREIGN KEY (`departamento_id`) REFERENCES `departamento` (`id`) ON DELETE NO ACTION ON UPDATE NO ACTION;

--
-- Filtros para la tabla `pago_compra`
--
ALTER TABLE `pago_compra`
  ADD CONSTRAINT `fk_pagos_compra_compra1` FOREIGN KEY (`compra_id`) REFERENCES `compra` (`id`) ON DELETE NO ACTION ON UPDATE NO ACTION,
  ADD CONSTRAINT `fk_pagos_compra_users1` FOREIGN KEY (`users_id`) REFERENCES `users` (`id`) ON DELETE NO ACTION ON UPDATE NO ACTION;

--
-- Filtros para la tabla `precios_venta`
--
ALTER TABLE `precios_venta`
  ADD CONSTRAINT `fk_precios_producto1` FOREIGN KEY (`producto_id`) REFERENCES `producto` (`id`) ON DELETE NO ACTION ON UPDATE NO ACTION,
  ADD CONSTRAINT `fk_precios_venta_users1` FOREIGN KEY (`users_id`) REFERENCES `users` (`id`) ON DELETE NO ACTION ON UPDATE NO ACTION;

--
-- Filtros para la tabla `producto`
--
ALTER TABLE `producto`
  ADD CONSTRAINT `fk_producto_categoria1` FOREIGN KEY (`categoria_id`) REFERENCES `categoria_producto` (`id`) ON DELETE NO ACTION ON UPDATE NO ACTION,
  ADD CONSTRAINT `fk_producto_unidad_medida1` FOREIGN KEY (`unidad_medida_id`) REFERENCES `unidad_medida` (`id`) ON DELETE NO ACTION ON UPDATE NO ACTION;

--
-- Filtros para la tabla `proveedores`
--
ALTER TABLE `proveedores`
  ADD CONSTRAINT `fk_proveedores_categoria1` FOREIGN KEY (`categoria_id`) REFERENCES `categoria` (`id`) ON DELETE NO ACTION ON UPDATE NO ACTION,
  ADD CONSTRAINT `fk_proveedores_estado1` FOREIGN KEY (`estado_id`) REFERENCES `estado` (`id`) ON DELETE NO ACTION ON UPDATE NO ACTION,
  ADD CONSTRAINT `fk_proveedores_municipio1` FOREIGN KEY (`municipio_id`) REFERENCES `municipio` (`id`) ON DELETE NO ACTION ON UPDATE NO ACTION,
  ADD CONSTRAINT `fk_proveedores_tipo_personalidad1` FOREIGN KEY (`tipo_personalidad_id`) REFERENCES `tipo_personalidad` (`id`) ON DELETE NO ACTION ON UPDATE NO ACTION,
  ADD CONSTRAINT `fk_proveedores_users1` FOREIGN KEY (`registrado_por`) REFERENCES `users` (`id`) ON DELETE NO ACTION ON UPDATE NO ACTION;

--
-- Filtros para la tabla `retenciones`
--
ALTER TABLE `retenciones`
  ADD CONSTRAINT `fk_retenciones_tipo_retencion1` FOREIGN KEY (`tipo_retencion_id`) REFERENCES `tipo_retencion` (`id`) ON DELETE NO ACTION ON UPDATE NO ACTION;

--
-- Filtros para la tabla `retenciones_has_proveedores`
--
ALTER TABLE `retenciones_has_proveedores`
  ADD CONSTRAINT `fk_retenciones_proveedor_has_proveedores_proveedores1` FOREIGN KEY (`proveedores_id`) REFERENCES `proveedores` (`id`) ON DELETE NO ACTION ON UPDATE NO ACTION,
  ADD CONSTRAINT `fk_retenciones_proveedor_has_proveedores_retenciones_proveedor1` FOREIGN KEY (`retenciones_id`) REFERENCES `retenciones` (`id`) ON DELETE NO ACTION ON UPDATE NO ACTION;

--
-- Filtros para la tabla `seccion`
--
ALTER TABLE `seccion`
  ADD CONSTRAINT `fk_estante_bodega1` FOREIGN KEY (`id_bodega`) REFERENCES `bodega` (`id`) ON DELETE NO ACTION ON UPDATE NO ACTION,
  ADD CONSTRAINT `fk_estante_estado1` FOREIGN KEY (`estado_id`) REFERENCES `estado` (`id`) ON DELETE NO ACTION ON UPDATE NO ACTION;

--
-- Filtros para la tabla `users`
--
ALTER TABLE `users`
  ADD CONSTRAINT `fk_users_Tipo_user` FOREIGN KEY (`id_tipo_user`) REFERENCES `tipo_user` (`id`) ON DELETE NO ACTION ON UPDATE NO ACTION,
  ADD CONSTRAINT `fk_users_tipo_usuario1` FOREIGN KEY (`tipo_usuario_id`) REFERENCES `tipo_usuario` (`id`) ON DELETE NO ACTION ON UPDATE NO ACTION;
COMMIT;

/*!40101 SET CHARACTER_SET_CLIENT=@OLD_CHARACTER_SET_CLIENT */;
/*!40101 SET CHARACTER_SET_RESULTS=@OLD_CHARACTER_SET_RESULTS */;
/*!40101 SET COLLATION_CONNECTION=@OLD_COLLATION_CONNECTION */;
